{
    "model": {
        "type": "minecraft:range_dispatch",
        "property": "minecraft:custom_model_data",
        "fallback": {
            "type": "minecraft:model",
            "model": "minecraft:item/netherite_sword"
        },
        "entries": [
            {
                "threshold": 1001,
                "model": {
                    "type": "minecraft:model",
                    "model": "minecraft:item/scythe"
                }
            }
        ]
    }
}